Wall time,Step,Value
1649144589.601506,97,0.39481303095817566
1649154402.4856727,98,0.4067145884037018
1649164408.6342957,99,0.38687649369239807
