Wall time,Step,Value
1649144589.600654,97,0.004109532106667757
1649154402.4845023,98,2.4865332306944765e-05
1649164408.6334333,99,0.011180821806192398
